Unnamed: 0,id,key,title,blurb,attack,defense,magic,difficulty,tags,partype,hp,hpperlevel,mp,mpperlevel,movespeed,armor,armorperlevel,spellblock,spellblockperlevel,attackrange,hpregen,hpregenperlevel,mpregen,mpregenperlevel,crit,critperlevel,attackdamage,attackdamageperlevel,attackspeedperlevel,attackspeed,Best_Partner,Counters,Countered_by
0,Aatrox,266,the Darkin Blade,"Once honored defenders of Shurima against the Void, Aatrox and his brethren would eventually become an even greater threat to Runeterra, and were defeated only by cunning mortal sorcery. But after centuries of imprisonment, Aatrox was the first to find...",8,4,3,4,"['Fighter', 'Tank']",Blood Well,650,114,0,0.0,345,38,4.45,32,2.05,175,3.0,1.0,0.0,0.0,0,0,60,5.0,2.5,0.651,Rammus,Nasus,Kled
1,Ahri,103,the Nine-Tailed Fox,"Innately connected to the magic of the spirit realm, Ahri is a fox-like vastaya who can manipulate her prey's emotions and consume their essence—receiving flashes of their memory and insight from each soul she consumes. Once a powerful yet wayward...",3,4,8,5,"['Mage', 'Assassin']",Mana,570,96,418,25.0,330,18,4.7,30,1.3,550,2.5,0.6,8.0,0.8,0,0,53,3.0,2.0,0.668,Maokai,Veigar,Diana
2,Akali,84,the Rogue Assassin,"Abandoning the Kinkou Order and her title of the Fist of Shadow, Akali now strikes alone, ready to be the deadly weapon her people need. Though she holds onto all she learned from her master Shen, she has pledged to defend Ionia from its enemies, one...",5,3,8,7,['Assassin'],Energy,570,119,200,0.0,345,23,4.7,37,2.05,125,9.0,0.9,50.0,0.0,0,0,62,3.3,3.2,0.625,Pantheon,Diana,Fiora
3,Akshan,166,the Rogue Sentinel,"Raising an eyebrow in the face of danger, Akshan fights evil with dashing charisma, righteous vengeance, and a conspicuous lack of shirts. He is highly skilled in the art of stealth combat, able to evade the eyes of his enemies and reappear when they...",0,0,0,0,"['Marksman', 'Assassin']",Mana,630,104,350,40.0,330,26,4.2,30,1.3,500,3.75,0.65,8.2,0.7,0,0,52,3.5,4.0,0.638,Amumu,Talon,Yasuo
4,Alistar,12,the Minotaur,"Always a mighty warrior with a fearsome reputation, Alistar seeks revenge for the death of his clan at the hands of the Noxian empire. Though he was enslaved and forced into the life of a gladiator, his unbreakable will was what kept him from truly...",6,9,5,7,"['Tank', 'Support']",Mana,670,120,350,40.0,330,44,4.7,32,2.05,125,8.5,0.85,8.5,0.8,0,0,62,3.75,2.125,0.625,Kindred,Pyke,Renata
5,Amumu,32,the Sad Mummy,"Legend claims that Amumu is a lonely and melancholy soul from ancient Shurima, roaming the world in search of a friend. Doomed by an ancient curse to remain alone forever, his touch is death, his affection ruin. Those who claim to have seen him describe...",2,6,8,3,"['Tank', 'Mage']",Mana,685,100,285,40.0,335,30,4.2,32,2.05,125,9.0,0.85,7.4,0.55,0,0,53,3.8,2.18,0.736,Akshan,Yuumi,Rell
6,Anivia,34,the Cryophoenix,"Anivia is a benevolent winged spirit who endures endless cycles of life, death, and rebirth to protect the Freljord. A demigod born of unforgiving ice and bitter winds, she wields those elemental powers to thwart any who dare disturb her homeland...",1,4,10,10,"['Mage', 'Support']",Mana,550,96,495,45.0,325,21,5.2,30,1.3,600,5.5,0.55,8.0,0.8,0,0,51,3.2,1.68,0.625,Bard,Azir,Zoe
7,Annie,1,the Dark Child,"Dangerous, yet disarmingly precocious, Annie is a child mage with immense pyromantic power. Even in the shadows of the mountains north of Noxus, she is a magical outlier. Her natural affinity for fire manifested early in life through unpredictable...",2,3,10,6,['Mage'],Mana,594,102,418,25.0,335,19,5.2,30,1.3,625,5.5,0.55,8.0,0.8,0,0,50,2.65,1.36,0.579,Vi,Yasuo,Yasuo
8,Aphelios,523,the Weapon of the Faithful,"Emerging from moonlight's shadow with weapons drawn, Aphelios kills the enemies of his faith in brooding silence—speaking only through the certainty of his aim, and the firing of each gun. Though fueled by a poison that renders him mute, he is guided by...",6,2,1,10,['Marksman'],Mana,580,102,348,42.0,325,26,4.2,30,1.3,550,3.25,0.55,6.5,0.4,0,0,55,3.0,2.1,0.64,Sona,Kaisa,Twitch
9,Ashe,22,the Frost Archer,"Iceborn warmother of the Avarosan tribe, Ashe commands the most populous horde in the north. Stoic, intelligent, and idealistic, yet uncomfortable with her role as leader, she taps into the ancestral magics of her lineage to wield a bow of True Ice...",7,3,2,4,"['Marksman', 'Support']",Mana,640,101,280,35.0,325,26,4.6,30,1.3,600,3.5,0.55,7.0,0.65,0,0,59,2.95,3.33,0.658,Nilah,Yuumi,Rell
10,AurelionSol,136,The Star Forger,"AurelionSol once graced the vast emptiness of the cosmos with celestial wonders of his own devising. Now, he is forced to wield his awesome power at the behest of a space-faring empire that tricked him into servitude. Desiring a return to his...",2,3,8,7,['Mage'],Mana,620,105,530,40.0,335,22,4.8,30,1.3,550,5.5,0.55,8.0,0.75,0,0,55,3.2,1.5,0.625,Maokai,Yasuo,Katarina
11,Azir,268,the Emperor of the Sands,"Azir was a mortal emperor of Shurima in a far distant age, a proud man who stood at the cusp of immortality. His hubris saw him betrayed and murdered at the moment of his greatest triumph, but now, millennia later, he has been reborn as an Ascended...",6,3,8,9,"['Mage', 'Marksman']",Mana,622,119,480,21.0,335,19,4.2,30,1.3,525,7.0,0.75,8.0,0.8,0,0,52,2.8,3.0,0.625,Ornn,Vladimir,Kassadin
12,Bard,432,the Wandering Caretaker,"A traveler from beyond the stars, Bard is an agent of serendipity who fights to maintain a balance where life can endure the indifference of chaos. Many Runeterrans sing songs that ponder his extraordinary nature, yet they all agree that the cosmic...",4,4,5,9,"['Support', 'Mage']",Mana,630,103,350,50.0,330,34,5.2,30,1.3,500,5.5,0.55,6.0,0.45,0,0,52,3.0,2.0,0.625,Anivia,Senna,Soraka
13,Belveth,200,the Empress of the Void,"A nightmarish empress created from the raw material of an entire devoured city, Belveth is the end of Runeterra itself... and the beginning of a monstrous reality of her own design. Driven by epochs of repurposed history, knowledge, and memories from...",4,2,7,10,['Fighter'],,610,99,60,0.0,340,32,4.7,32,2.05,175,6.0,0.6,0.0,0.0,0,0,60,1.7,0.0,0.85,Lissandra,Diana,Maokai
14,Blitzcrank,53,the Great Steam Golem,"Blitzcrank is an enormous, near-indestructible automaton from Zaun, originally built to dispose of hazardous waste. However, he found this primary purpose too restricting, and modified his own form to better serve the fragile people of the Sump...",4,8,5,4,"['Tank', 'Fighter']",Mana,633,109,267,40.0,325,40,4.7,28,2.05,125,7.5,0.75,8.5,0.8,0,0,62,3.5,1.13,0.65,Taliyah,Yuumi,Taric
15,Brand,63,the Burning Vengeance,"Once a tribesman of the icy Freljord named Kegan Rodhe, the creature known as Brand is a lesson in the temptation of greater power. Seeking one of the legendary World Runes, Kegan betrayed his companions and seized it for himself—and, in an instant, the...",2,2,9,4,['Mage'],Mana,590,102,469,21.0,340,22,4.7,30,1.3,550,5.5,0.55,10.65,0.6,0,0,57,3.0,1.36,0.625,Maokai,Pyke,Blitzcrank
16,Braum,201,the Heart of the Freljord,"Blessed with massive biceps and an even bigger heart, Braum is a beloved hero of the Freljord. Every mead hall north of Frostheld toasts his legendary strength, said to have felled a forest of oaks in a single night, and punched an entire mountain into...",3,9,4,3,"['Support', 'Tank']",Mana,610,112,311,45.0,335,47,5.2,32,2.05,125,8.5,1.0,6.0,0.8,0,0,55,3.2,3.5,0.644,Samira,Ashe,Karma
17,Caitlyn,51,the Sheriff of Piltover,"Renowned as its finest peacekeeper, Caitlyn is also Piltover's best shot at ridding the city of its elusive criminal elements. She is often paired with Vi, acting as a cool counterpoint to her partner's more impetuous nature. Even though she carries a...",8,2,2,6,['Marksman'],Mana,580,107,315,40.0,325,28,4.7,30,1.3,650,3.5,0.55,7.4,0.7,0,0,62,3.8,4.0,0.681,Jayce,Aphelios,Karthus
18,Camille,164,the Steel Shadow,"Weaponized to operate outside the boundaries of the law, Camille is the Principal Intelligencer of Clan Ferros—an elegant and elite agent who ensures the Piltover machine and its Zaunite underbelly runs smoothly. Adaptable and precise, she views sloppy...",8,6,3,4,"['Fighter', 'Tank']",Mana,646,99,339,52.0,340,35,5.0,32,2.05,125,8.5,0.8,8.15,0.75,0,0,68,3.5,2.5,0.644,Xerath,Irelia,Urgot
19,Cassiopeia,69,the Serpent's Embrace,"Cassiopeia is a deadly creature bent on manipulating others to her sinister will. Youngest and most beautiful daughter of the noble Du Couteau family of Noxus, she ventured deep into the crypts beneath Shurima in search of ancient power. There, she was...",2,3,9,10,['Mage'],Mana,630,104,350,60.0,328,18,4.7,32,1.3,550,5.5,0.5,8.0,0.8,0,0,53,3.0,1.5,0.647,Olaf,Vex,Malzahar
20,Chogath,31,the Terror of the Void,"From the moment Cho'Gath first emerged into the harsh light of Runeterra's sun, the beast was driven by the most pure and insatiable hunger. A perfect expression of the Void's desire to consume all life, Cho'Gath's complex biology quickly converts...",3,7,7,5,"['Tank', 'Mage']",Mana,644,94,270,60.0,345,38,4.7,32,2.05,125,9.0,0.85,7.2,0.45,0,0,69,4.2,1.44,0.625,Maokai,Gangplank,Darius
21,Corki,42,the Daring Bombardier,"The yordle pilot Corki loves two things above all others: flying, and his glamorous mustache... though not necessarily in that order. After leaving Bandle City, he settled in Piltover and fell in love with the wondrous machines he found there. He...",8,3,6,6,['Marksman'],Mana,588,105,350,54.0,325,28,4.7,30,1.3,550,5.5,0.55,7.4,0.55,0,0,55,2.8,2.3,0.638,Samira,Diana,Talon
22,Darius,122,the Hand of Noxus,"There is no greater symbol of Noxian might than Darius, the nation's most feared and battle-hardened commander. Rising from humble origins to become the Hand of Noxus, he cleaves through the empire's enemies—many of them Noxians themselves. Knowing that...",9,5,1,2,"['Fighter', 'Tank']",Mana,652,114,263,58.0,340,39,5.2,32,2.05,175,10.0,0.95,6.6,0.35,0,0,64,5.0,1.0,0.625,Sona,Tryndamere,Pantheon
23,Diana,131,Scorn of the Moon,"Bearing her crescent moonblade, Diana fights as a warrior of the Lunari—a faith all but quashed in the lands around Mount Targon. Clad in shimmering armor the color of winter snow at night, she is a living embodiment of the silver moon's power. Imbued...",7,6,8,4,"['Fighter', 'Mage']",Mana,640,109,375,25.0,345,31,4.3,32,2.05,150,6.5,0.85,8.0,0.8,0,0,57,3.0,2.25,0.625,Amumu,Ahri,Amumu
24,Draven,119,the Glorious Executioner,"In Noxus, warriors known as Reckoners face one another in arenas where blood is spilled and strength tested—but none has ever been as celebrated as Draven. A former soldier, he found that the crowds uniquely appreciated his flair for the dramatic, and...",9,3,1,8,['Marksman'],Mana,675,104,361,39.0,330,29,4.5,30,1.3,550,3.75,0.7,8.05,0.65,0,0,62,3.6,2.7,0.679,Elise,Sion,Illaoi
25,DrMundo,36,the Madman of Zaun,"Utterly mad, tragically homicidal, and horrifyingly purple, Dr. Mundo is what keeps many of Zaun's citizens indoors on particularly dark nights. Now a self-proclaimed physician, he was once a patient of Zaun's most infamous asylum. After ""curing"" the...",5,7,6,5,"['Fighter', 'Tank']",None,613,103,0,0.0,345,32,3.7,29,2.3,125,6.5,0.55,0.0,0.0,0,0,61,2.5,3.3,0.67,Nidalee,Kalista,Samira
26,Ekko,245,the Boy Who Shattered Time,"A prodigy from the rough streets of Zaun, Ekko manipulates time to twist any situation to his advantage. Using his own invention, the Zero Drive, he explores the branching possibilities of reality to craft the perfect moment. Though he revels in this...",5,3,7,8,"['Assassin', 'Fighter']",Mana,655,99,280,70.0,340,32,4.2,32,2.05,125,9.0,0.9,7.0,0.8,0,0,58,3.0,3.3,0.688,Anivia,RekSai,Sylas
27,Elise,60,the Spider Queen,"Elise is a deadly predator who dwells in a shuttered, lightless palace, deep within the oldest city of Noxus. Once mortal, she was the mistress of a powerful house, but the bite of a vile demigod transformed her into something beautiful, yet utterly...",6,5,7,9,"['Mage', 'Fighter']",Mana,650,109,324,50.0,330,30,5.2,30,1.3,550,5.5,0.6,6.0,0.8,0,0,55,3.0,1.75,0.625,Nilah,Viego,Maokai
28,Evelynn,28,Agony's Embrace,"Within the dark seams of Runeterra, the demon Evelynn searches for her next victim. She lures in prey with the voluptuous façade of a human female, but once a person succumbs to her charms, Evelynn's true form is unleashed. She then subjects her victim...",4,2,7,10,"['Assassin', 'Mage']",Mana,642,98,315,42.0,335,37,4.7,32,2.05,125,8.5,0.75,8.11,0.6,0,0,61,3.0,2.1,0.667,Senna,Hecarim,Fiddlesticks
29,Ezreal,81,the Prodigal Explorer,"A dashing adventurer, unknowingly gifted in the magical arts, Ezreal raids long-lost catacombs, tangles with ancient curses, and overcomes seemingly impossible odds with ease. His courage and bravado knowing no bounds, he prefers to improvise his way...",7,2,6,7,"['Marksman', 'Mage']",Mana,600,102,375,70.0,325,24,4.7,30,1.3,550,4.0,0.65,8.5,1.0,0,0,60,2.5,2.5,0.625,Taric,Ziggs,Tristana
30,Fiddlesticks,9,the Ancient Fear,"Something has awoken in Runeterra. Something ancient. Something terrible. The ageless horror known as Fiddlesticks stalks the edges of mortal society, drawn to areas thick with paranoia where it feeds upon terrorized victims. Wielding a jagged scythe...",2,3,9,9,"['Mage', 'Support']",Mana,650,106,500,28.0,335,34,4.7,30,1.3,480,5.5,0.6,8.0,0.8,0,0,55,2.65,2.11,0.625,Olaf,Graves,Udyr
31,Fiora,114,the Grand Duelist,"The most feared duelist in all Valoran, Fiora is as renowned for her brusque manner and cunning mind as she is for the speed of her bluesteel rapier. Born to House Laurent in the kingdom of Demacia, Fiora took control of the family from her father in...",10,4,2,3,"['Fighter', 'Assassin']",Mana,620,99,300,60.0,345,33,4.7,32,2.05,150,8.5,0.55,8.0,0.7,0,0,68,3.3,3.2,0.69,Akshan,Akali,Kayle
32,Fizz,105,the Tidal Trickster,"Fizz is an amphibious yordle, who dwells among the reefs surrounding Bilgewater. He often retrieves and returns the tithes cast into the sea by superstitious captains, but even the saltiest of sailors know better than to cross him—for many are the tales...",6,4,7,6,"['Assassin', 'Fighter']",Mana,640,106,317,52.0,335,22,4.6,32,2.05,175,8.0,0.7,6.0,0.8,0,0,58,3.0,3.1,0.658,Rakan,Ahri,Ryze
33,Galio,3,the Colossus,"Outside the gleaming city of Demacia, the stone colossus Galio keeps vigilant watch. Built as a bulwark against enemy mages, he often stands motionless for decades until the presence of powerful magic stirs him to life. Once activated, Galio makes the...",1,10,6,5,"['Tank', 'Mage']",Mana,632,126,500,40.0,335,24,4.7,32,2.05,150,8.0,0.8,9.5,0.7,0,0,59,3.5,1.5,0.625,MasterYi,Ryze,Kassadin
34,Gangplank,41,the Saltwater Scourge,"As unpredictable as he is brutal, the dethroned reaver king Gangplank is feared far and wide. Once, he ruled the port city of Bilgewater, and while his reign is over, there are those who believe this has only made him more dangerous. Gangplank would see...",7,6,4,9,['Fighter'],Mana,600,114,280,60.0,345,31,4.2,32,2.05,125,6.0,0.6,7.5,0.7,0,0,64,3.7,3.2,0.658,Sion,Teemo,Olaf
35,Garen,86,The Might of Demacia,"A proud and noble warrior, Garen fights as one of the Dauntless Vanguard. He is popular among his fellows, and respected well enough by his enemies—not least as a scion of the prestigious Crownguard family, entrusted with defending Demacia and its...",7,7,1,5,"['Fighter', 'Tank']",None,690,98,0,0.0,340,36,4.2,32,1.55,175,8.0,0.5,0.0,0.0,0,0,66,4.5,3.65,0.625,Malzahar,Renekton,Kayle
36,Gnar,150,the Missing Link,"Gnar is a primeval yordle whose playful antics can erupt into a toddler's outrage in an instant, transforming him into a massive beast bent on destruction. Frozen in True Ice for millennia, the curious creature broke free and now hops about a changed...",6,5,5,8,"['Fighter', 'Tank']",Rage,540,79,100,0.0,335,32,3.7,30,1.3,175,4.5,1.25,0.0,0.0,0,0,57,3.0,6.0,0.625,Twitch,Ornn,Olaf
37,Gragas,79,the Rabble Rouser,"Equal parts jolly and imposing, Gragas is a massive, rowdy brewmaster on his own quest for the perfect pint of ale. Hailing from parts unknown, he now searches for rare ingredients among the unblemished wastes of the Freljord, trying each recipe as he...",4,7,6,5,"['Fighter', 'Mage']",Mana,670,109,400,47.0,330,38,4.8,32,2.05,125,5.5,0.5,6.0,0.8,0,0,64,3.5,2.05,0.675,Maokai,Viego,KSante
38,Graves,104,the Outlaw,"Malcolm Graves is a renowned mercenary, gambler, and thief—a wanted man in every city and empire he has visited. Even though he has an explosive temper, he possesses a strict sense of criminal honor, often enforced at the business end of his...",8,5,3,3,['Marksman'],Mana,625,106,325,40.0,340,33,4.6,32,2.05,425,8.0,0.7,8.0,0.7,0,0,68,4.0,2.6,0.475,Taliyah,JarvanIV,Fiddlesticks
39,Gwen,887,The Hallowed Seamstress,"A former doll transformed and brought to life by magic, Gwen wields the very tools that once created her. She carries the weight of her maker's love with every step, taking nothing for granted. At her command is the Hallowed Mist, an ancient and...",7,4,5,5,"['Fighter', 'Assassin']",Mana,620,109,330,40.0,340,39,5.2,32,2.05,150,8.5,0.9,7.5,0.7,0,0,63,3.0,2.25,0.69,Akshan,Shen,Fiora
40,Hecarim,120,the Shadow of War,"Hecarim is a spectral fusion of man and beast, cursed to ride down the souls of the living for all eternity. When the Blessed Isles fell into shadow, this proud knight was obliterated by the destructive energies of the Ruination, along with all his...",8,6,4,6,"['Fighter', 'Tank']",Mana,625,99,277,60.0,345,32,5.45,32,2.05,175,7.0,0.75,6.5,0.6,0,0,66,3.2,2.5,0.67,Soraka,Kayn,Maokai
41,Heimerdinger,74,the Revered Inventor,"A brilliant yet eccentric yordle scientist, Professor Cecil B. Heimerdinger is one of the most innovative and esteemed inventors Piltover has ever known. Relentless in his work to the point of neurotic obsession, he thrives on answering the universe's...",2,6,8,8,"['Mage', 'Support']",Mana,558,101,385,20.0,340,19,4.2,30,1.3,550,7.0,0.55,8.0,0.8,0,0,56,2.7,1.36,0.625,Malphite,Nautilus,Senna
42,Illaoi,420,the Kraken Priestess,"Illaoi's powerful physique is dwarfed only by her indomitable faith. As the prophet of the Great Kraken, she uses a huge, golden idol to rip her foes' spirits from their bodies and shatter their perception of reality. All who challenge the “Truth Bearer...",8,6,3,4,"['Fighter', 'Tank']",Mana,656,109,300,50.0,350,35,5.0,32,2.05,125,9.5,0.8,7.5,0.75,0,0,68,5.0,2.5,0.625,TwistedFate,Renekton,Teemo
43,Irelia,39,the Blade Dancer,"The Noxian occupation of Ionia produced many heroes, none more unlikely than young Irelia of Navori. Trained in the ancient dances of her province, she adapted her art for war, using the graceful and carefully practised movements to levitate a host of...",7,4,5,5,"['Fighter', 'Assassin']",Mana,590,124,350,50.0,335,36,4.7,30,2.05,200,8.5,0.85,8.0,0.8,0,0,65,4.0,2.5,0.656,Ivern,Yorick,Shen
44,Ivern,427,the Green Father,"Ivern Bramblefoot, known to many as the Green Father, is a peculiar half man, half tree who roams Runeterra's forests, cultivating life everywhere he goes. He knows the secrets of the natural world, and holds deep friendships with all things that grow...",3,5,7,7,"['Support', 'Mage']",Mana,655,99,450,60.0,330,27,4.7,32,2.05,475,7.0,0.85,6.0,0.75,0,0,50,3.0,3.4,0.644,Jhin,Elise,Elise
45,Janna,40,the Storm's Fury,"Armed with the power of Runeterra's gales, Janna is a mysterious, elemental wind spirit who protects the dispossessed of Zaun. Some believe she was brought into existence by the pleas of Runeterra's sailors who prayed for fair winds as they navigated...",3,5,7,7,"['Support', 'Mage']",Mana,570,84,350,64.0,325,28,5.0,30,1.3,500,5.5,0.55,11.5,0.4,0,0,52,3.0,3.0,0.625,Lillia,Yuumi,Senna
46,JarvanIV,59,the Exemplar of Demacia,"Prince Jarvan, scion of the Lightshield dynasty, is heir apparent to the throne of Demacia. Raised to be a paragon of his nation's greatest virtues, he is forced to balance the heavy expectations placed upon him with his own desire to fight on the front...",6,8,3,5,"['Tank', 'Fighter']",Mana,640,104,300,55.0,340,36,4.8,32,2.05,175,8.0,0.7,6.5,0.45,0,0,64,3.4,2.5,0.658,Soraka,Kindred,MasterYi
47,Jax,24,Grandmaster at Arms,"Unmatched in both his skill with unique armaments and his biting sarcasm, Jax is the last known weapons master of Icathia. After his homeland was laid low by its own hubris in unleashing the Void, Jax and his kind vowed to protect what little remained...",7,5,7,5,"['Fighter', 'Assassin']",Mana,685,99,339,52.0,350,36,4.2,32,2.05,125,8.5,0.55,7.6,0.7,0,0,68,4.25,3.4,0.638,Amumu,Warwick,Sion
48,Jayce,126,the Defender of Tomorrow,"Jayce is a brilliant inventor who has pledged his life to the defense of Piltover and its unyielding pursuit of progress. With his transforming hextech hammer in hand, Jayce uses his strength, courage, and considerable intelligence to protect his...",8,4,3,7,"['Fighter', 'Marksman']",Mana,590,109,375,45.0,335,22,5.0,30,1.3,125,6.0,0.6,6.0,0.8,0,0,57,4.25,3.0,0.658,Swain,Akali,Akshan
49,Jhin,202,the Virtuoso,"Jhin is a meticulous criminal psychopath who believes murder is art. Once an Ionian prisoner, but freed by shadowy elements within Ionia's ruling council, the serial killer now works as their cabal's assassin. Using his gun as his paintbrush, Jhin...",10,2,6,6,"['Marksman', 'Mage']",Mana,655,107,300,50.0,330,24,4.7,30,1.3,550,3.75,0.55,6.0,0.8,0,0,59,4.7,0.0,0.625,Cassiopeia,Aphelios,Seraphine
50,Jinx,222,the Loose Cannon,"A manic and impulsive criminal from Zaun, Jinx lives to wreak havoc without care for the consequences. With an arsenal of deadly weapons, she unleashes the loudest blasts and brightest explosions to leave a trail of mayhem and panic in her wake. Jinx...",9,2,4,6,['Marksman'],Mana,630,100,260,50.0,325,26,4.7,30,1.3,525,3.75,0.5,6.7,1.0,0,0,59,3.4,1.0,0.625,Ziggs,Aphelios,Tristana
51,Kaisa,145,Daughter of the Void,"Claimed by the Void when she was only a child, Kaisa managed to survive through sheer tenacity and strength of will. Her experiences have made her a deadly hunter and, to some, the harbinger of a future they would rather not live to see. Having entered...",8,5,3,6,['Marksman'],Mana,670,102,345,40.0,335,28,4.2,30,1.3,525,3.5,0.55,8.2,0.7,0,0,59,2.0,1.8,0.644,RekSai,Gragas,Rengar
52,Kalista,429,the Spear of Vengeance,"A specter of wrath and retribution, Kalista is the undying spirit of vengeance, an armored nightmare summoned from the Shadow Isles to hunt deceivers and traitors. The betrayed may cry out in blood to be avenged, but Kalista only answers those willing...",8,2,4,7,['Marksman'],Mana,574,114,300,45.0,330,24,5.2,30,1.3,525,3.75,0.55,6.3,0.4,0,0,66,3.5,4.5,0.694,Kled,Ziggs,Karthus
53,Karma,43,the Enlightened One,"No mortal exemplifies the spiritual traditions of Ionia more than Karma. She is the living embodiment of an ancient soul reincarnated countless times, carrying all her accumulated memories into each new life, and blessed with power that few can...",1,7,8,5,"['Mage', 'Support']",Mana,604,109,374,50.0,335,28,5.0,30,1.3,525,5.5,0.55,13.0,0.5,0,0,51,3.3,2.3,0.625,Ekko,Ezreal,Draven
54,Karthus,30,the Deathsinger,"The harbinger of oblivion, Karthus is an undying spirit whose haunting songs are a prelude to the horror of his nightmarish appearance. The living fear the eternity of undeath, but Karthus sees only beauty and purity in its embrace, a perfect union of...",2,2,10,7,['Mage'],Mana,620,110,467,31.0,335,21,4.7,30,1.3,450,6.5,0.55,8.0,0.8,0,0,46,3.25,2.11,0.625,XinZhao,Yuumi,Blitzcrank
55,Kassadin,38,the Void Walker,"Cutting a burning swath through the darkest places of the world, Kassadin knows his days are numbered. A widely traveled Shuriman guide and adventurer, he had chosen to raise a family among the peaceful southern tribes—until the day his village was...",3,5,8,8,"['Assassin', 'Mage']",Mana,646,119,400,87.0,335,19,4.0,30,1.3,150,6.0,0.5,6.0,0.8,0,0,59,3.9,3.7,0.64,Talon,Caitlyn,Nidalee
56,Katarina,55,the Sinister Blade,"Decisive in judgment and lethal in combat, Katarina is a Noxian assassin of the highest caliber. Eldest daughter to the legendary General Du Couteau, she made her talents known with swift kills against unsuspecting enemies. Her fiery ambition has driven...",4,3,9,8,"['Assassin', 'Mage']",None,672,108,0,0.0,335,28,4.7,32,2.05,125,7.5,0.7,0.0,0.0,0,0,58,3.2,2.74,0.658,Rell,Azir,Pantheon
57,Kayle,10,the Righteous,"Born to a Targonian Aspect at the height of the Rune Wars, Kayle honored her mother's legacy by fighting for justice on wings of divine flame. She and her twin sister Morgana were the protectors of Demacia for many years—until Kayle became disillusioned...",6,6,7,7,"['Fighter', 'Support']",Mana,670,92,330,50.0,335,26,4.2,22,1.3,175,5.0,0.5,8.0,0.8,0,0,50,2.5,1.5,0.625,Olaf,AurelionSol,Kassadin
58,Kayn,141,the Shadow Reaper,"A peerless practitioner of lethal shadow magic, Shieda Kayn battles to achieve his true destiny—to one day lead the Order of Shadow into a new era of Ionian supremacy. He wields the sentient darkin weapon Rhaast, undeterred by its creeping corruption of...",10,6,1,8,"['Fighter', 'Assassin']",Mana,655,109,410,50.0,340,38,4.5,32,2.05,175,8.0,0.75,11.5,0.95,0,0,68,3.3,2.7,0.669,Samira,Fiora,Jax
59,Kennen,85,the Heart of the Tempest,"More than just the lightning-quick enforcer of Ionian balance, Kennen is the only yordle member of the Kinkou. Despite his small, furry stature, he is eager to take on any threat with a whirling storm of shuriken and boundless enthusiasm. Alongside his...",6,4,7,4,"['Mage', 'Marksman']",Energy,611,98,200,0.0,335,29,4.95,30,1.3,550,5.5,0.65,50.0,0.0,0,0,48,3.75,3.4,0.625,Xerath,LeeSin,MasterYi
60,Khazix,121,the Voidreaver,"The Void grows, and the Void adapts—in none of its myriad spawn are these truths more apparent than Khazix. Evolution drives the core of this mutating horror, born to survive and to slay the strong. Where it struggles to do so, it grows new, more...",9,4,3,6,['Assassin'],Mana,643,99,327,40.0,350,36,4.2,32,2.05,125,7.5,0.75,7.59,0.5,0,0,63,3.1,2.7,0.668,Samira,Jax,Jax
61,Kindred,203,The Eternal Hunters,"Separate, but never parted, Kindred represents the twin essences of death. Lamb's bow offers a swift release from the mortal realm for those who accept their fate. Wolf hunts down those who run from their end, delivering violent finality within his...",8,2,2,4,['Marksman'],Mana,610,99,300,35.0,325,29,4.7,30,1.3,500,7.0,0.55,7.0,0.4,0,0,65,2.5,3.5,0.625,Anivia,JarvanIV,Nocturne
62,Kled,240,the Cantankerous Cavalier,"A warrior as fearless as he is ornery, the yordle Kled embodies the furious bravado of Noxus. He is an icon beloved by the empire's soldiers, distrusted by its officers, and loathed by the nobility. Many claim Kled has fought in every campaign the...",8,2,2,7,"['Fighter', 'Tank']",Courage,410,84,100,0.0,345,35,5.2,28,2.05,125,6.0,0.75,0.0,0.0,0,0,65,3.5,3.5,0.625,Cassiopeia,Ekko,Rammus
63,KogMaw,96,the Mouth of the Abyss,"Belched forth from a rotting Void incursion deep in the wastelands of Icathia, Kog'Maw is an inquisitive yet putrid creature with a caustic, gaping mouth. This particular Void-spawn needs to gnaw and drool on anything within reach to truly understand it...",8,2,5,6,"['Marksman', 'Mage']",Mana,635,99,325,40.0,330,24,4.45,30,1.3,500,3.75,0.55,8.75,0.7,0,0,61,3.1,2.65,0.665,Amumu,Aatrox,Shen
64,KSante,897,the Pride of Nazumah,"Defiant and courageous, KSante battles colossal beasts and ruthless Ascended to protect his home of Nazumah, a coveted oasis amid the sands of Shurima. But after a falling-out with his former partner, KSante realizes that in order to become a warrior...",8,8,7,9,"['Tank', 'Fighter']",Mana,610,108,290,60.0,330,33,4.7,30,2.1,175,9.5,0.85,7.0,1.0,0,0,64,3.5,2.5,0.625,Zed,Lucian,Jhin
65,Leblanc,7,the Deceiver,"Mysterious even to other members of the Black Rose cabal, Leblanc is but one of many names for a pale woman who has manipulated people and events since the earliest days of Noxus. Using her magic to mirror herself, the sorceress can appear to anyone...",1,4,10,9,"['Assassin', 'Mage']",Mana,598,111,400,55.0,340,22,4.7,30,1.3,525,7.5,0.55,8.0,1.0,0,0,55,3.5,1.4,0.625,Twitch,Ahri,Vex
66,LeeSin,64,the Blind Monk,"A master of Ionia's ancient martial arts, LeeSin is a principled fighter who channels the essence of the dragon spirit to face any challenge. Though he lost his sight many years ago, the warrior-monk has devoted his life to protecting his homeland...",8,5,3,6,"['Fighter', 'Assassin']",Energy,645,105,200,0.0,345,36,4.9,32,2.05,125,7.5,0.7,50.0,0.0,0,0,68,3.7,3.0,0.651,Nilah,Viego,Amumu
67,Leona,89,the Radiant Dawn,"Imbued with the fire of the sun, Leona is a holy warrior of the Solari who defends Mount Targon with her Zenith Blade and the Shield of Daybreak. Her skin shimmers with starfire while her eyes burn with the power of the celestial Aspect within her...",4,8,3,4,"['Tank', 'Support']",Mana,646,101,302,40.0,335,47,4.8,32,2.05,125,8.5,0.85,6.0,0.8,0,0,60,3.0,2.9,0.625,Akshan,Yuumi,Rakan
68,Lillia,876,the Bashful Bloom,"Intensely shy, the fae fawn Lillia skittishly wanders Ionia's forests. Hiding just out of sight of mortals—whose mysterious natures have long captivated, but intimidated, her—Lillia hopes to discover why their dreams no longer reach the ancient Dreaming...",0,2,10,8,"['Fighter', 'Mage']",Mana,605,105,410,50.0,330,22,5.2,32,1.55,325,2.5,0.55,11.5,0.95,0,0,61,3.1,2.7,0.625,Shen,Viego,Rengar
69,Lissandra,127,the Ice Witch,"Lissandra's magic twists the pure power of ice into something dark and terrible. With the force of her black ice, she does more than freeze—she impales and crushes those who oppose her. To the terrified denizens of the north, she is known only as ''The...",2,5,8,6,['Mage'],Mana,620,110,475,30.0,325,22,4.9,30,1.3,550,7.0,0.55,8.0,0.4,0,0,55,2.7,1.36,0.656,Sona,Leblanc,Cassiopeia
70,Lucian,236,the Purifier,"Lucian, a Sentinel of Light, is a grim hunter of undying spirits, pursuing them relentlessly and annihilating them with his twin relic pistols. After the wraith Thresh slew his wife, Lucian embarked on the path of vengeance—but even with her return to...",8,5,3,6,['Marksman'],Mana,641,100,320,43.0,335,28,4.2,30,1.3,500,3.75,0.65,7.0,0.8,0,0,60,2.9,3.3,0.638,Pantheon,Sivir,Ashe
71,Lulu,117,the Fae Sorceress,"The yordle mage Lulu is known for conjuring dreamlike illusions and fanciful creatures as she roams Runeterra with her fairy companion Pix. Lulu shapes reality on a whim, warping the fabric of the world, and what she views as the constraints of this...",4,5,7,5,"['Support', 'Mage']",Mana,595,88,350,55.0,330,29,4.9,30,1.3,550,6.0,0.6,11.0,0.6,0,0,47,2.6,2.25,0.625,Gragas,Yuumi,Sona
72,Lux,99,the Lady of Luminosity,"Luxanna Crownguard hails from Demacia, an insular realm where magical abilities are viewed with fear and suspicion. Able to bend light to her will, she grew up dreading discovery and exile, and was forced to keep her power secret, in order to preserve...",2,4,9,5,"['Mage', 'Support']",Mana,560,99,480,23.5,330,19,5.2,30,1.3,550,5.5,0.55,8.0,0.8,0,0,54,3.3,2.0,0.669,Rengar,Pantheon,Zoe
73,Malphite,54,Shard of the Monolith,"A massive creature of living stone, Malphite struggles to impose blessed order on a chaotic world. Birthed as a servitor-shard to an otherworldly obelisk known as the Monolith, he used his tremendous elemental strength to maintain and protect his...",5,9,7,2,"['Tank', 'Fighter']",Mana,644,104,280,60.0,335,37,4.95,28,2.05,125,7.0,0.55,7.3,0.55,0,0,62,4.0,3.4,0.736,Heimerdinger,Riven,Shen
74,Malzahar,90,the Prophet of the Void,"A zealous seer dedicated to the unification of all life, Malzahar truly believes the newly emergent Void to be the path to Runeterra's salvation. In the desert wastes of Shurima, he followed the voices that whispered in his mind, all the way to ancient...",2,2,9,6,"['Mage', 'Assassin']",Mana,580,101,375,28.0,335,18,4.7,30,1.3,500,6.0,0.6,8.0,0.8,0,0,55,3.0,1.5,0.625,Renata,Zoe,Vex
75,Maokai,57,the Twisted Treant,"Maokai is a rageful, towering treant who fights the unnatural horrors of the Shadow Isles. He was twisted into a force of vengeance after a magical cataclysm destroyed his home, surviving undeath only through the Waters of Life infused within his...",3,8,6,3,"['Tank', 'Mage']",Mana,635,109,375,43.0,335,39,5.2,32,2.05,125,5.0,0.75,7.2,0.6,0,0,64,3.3,2.125,0.8,Velkoz,Shyvana,Karthus
76,MasterYi,11,the Wuju Bladesman,"Master Yi has tempered his body and sharpened his mind, so that thought and action have become almost as one. Though he chooses to enter into violence only as a last resort, the grace and speed of his blade ensures resolution is always swift. As one of...",10,4,2,4,"['Assassin', 'Fighter']",Mana,669,100,251,42.0,355,33,4.2,32,2.05,175,7.5,0.65,7.25,0.45,0,0,65,2.2,2.0,0.679,Amumu,JarvanIV,Fiddlesticks
77,MissFortune,21,the Bounty Hunter,"A Bilgewater captain famed for her looks but feared for her ruthlessness, Sarah Fortune paints a stark figure among the hardened criminals of the port city. As a child, she witnessed the reaver king Gangplank murder her family—an act she brutally...",8,2,5,1,['Marksman'],Mana,640,103,300,40.0,325,28,4.2,30,1.3,550,3.75,0.65,8.0,0.8,0,0,52,2.4,3.0,0.656,Maokai,Aphelios,Twitch
78,MonkeyKing,62,the Monkey King,"MonkeyKing is a vastayan trickster who uses his strength, agility, and intelligence to confuse his opponents and gain the upper hand. After finding a lifelong friend in the warrior known as Master Yi, MonkeyKing became the last student of the ancient martial...",8,5,2,3,"['Fighter', 'Tank']",Mana,610,99,300,65.0,340,31,4.7,28,2.05,175,3.5,0.65,8.0,0.65,0,0,68,3.5,3.0,0.69,Darius,KSante,Olaf
79,Mordekaiser,82,the Iron Revenant,"Twice slain and thrice born, Mordekaiser is a brutal warlord from a foregone epoch who uses his necromantic sorcery to bind souls into an eternity of servitude. Few now remain who remember his earlier conquests, or know the true extent of his powers—but...",4,6,7,4,['Fighter'],Shield,645,104,100,0.0,335,37,4.2,32,2.05,175,5.0,0.75,0.0,0.0,0,0,61,4.0,1.0,0.625,Cassiopeia,Zilean,Renata
80,Morgana,25,the Fallen,"Conflicted between her celestial and mortal natures, Morgana bound her wings to embrace humanity, and inflicts her pain and bitterness upon the dishonest and the corrupt. She rejects laws and traditions she believes are unjust, and fights for truth from...",1,6,8,1,"['Mage', 'Support']",Mana,630,104,340,60.0,335,25,5.0,30,1.3,450,5.5,0.4,11.0,0.4,0,0,56,3.5,1.53,0.625,Pantheon,Yuumi,Rell
81,Nami,267,the Tidecaller,"A headstrong young vastaya of the seas, Nami was the first of the Marai tribe to leave the waves and venture onto dry land, when their ancient accord with the Targonians was broken. With no other option, she took it upon herself to complete the sacred...",4,3,7,5,"['Support', 'Mage']",Mana,560,88,365,43.0,335,29,5.2,30,1.3,550,5.5,0.55,11.5,0.4,0,0,51,3.1,2.61,0.644,Maokai,Kayle,Aatrox
82,Nasus,75,the Curator of the Sands,"Nasus is an imposing, jackal-headed Ascended being from ancient Shurima, a heroic figure regarded as a demigod by the people of the desert. Fiercely intelligent, he was a guardian of knowledge and peerless strategist whose wisdom guided the ancient...",7,5,6,6,"['Fighter', 'Tank']",Mana,631,104,326,62.0,350,34,4.7,32,2.05,125,9.0,0.9,7.45,0.5,0,0,67,3.5,3.48,0.638,Akshan,Yuumi,Rakan
83,Nautilus,111,the Titan of the Depths,"A lonely legend as old as the first piers sunk in Bilgewater, the armored goliath known as Nautilus roams the dark waters off the coast of the Blue Flame Isles. Driven by a forgotten betrayal, he strikes without warning, swinging his enormous anchor to...",4,6,6,6,"['Tank', 'Support']",Mana,646,100,400,47.0,325,39,4.95,32,2.05,175,8.5,0.55,8.65,0.5,0,0,61,3.3,1.0,0.706,Kaisa,Rell,Yuumi
84,Neeko,518,the Curious Chameleon,"Hailing from a long lost tribe of vastaya, Neeko can blend into any crowd by borrowing the appearances of others, even absorbing something of their emotional state to tell friend from foe in an instant. No one is ever sure where—or who—Neeko might be...",1,1,9,5,"['Mage', 'Support']",Mana,610,104,450,30.0,340,21,5.2,30,1.3,550,7.5,0.75,7.0,0.7,0,0,48,2.5,3.5,0.625,Amumu,Karthus,Amumu
85,Nidalee,76,the Bestial Huntress,"Raised in the deepest jungle, Nidalee is a master tracker who can shapeshift into a ferocious cougar at will. Neither wholly woman nor beast, she viciously defends her territory from any and all trespassers, with carefully placed traps and deft spear...",5,4,7,8,"['Assassin', 'Mage']",Mana,610,109,295,45.0,335,28,4.7,30,1.3,525,6.0,0.6,6.0,0.8,0,0,58,3.5,3.22,0.638,Zac,Tristana,Xayah
86,Nilah,895,the Joy Unbound,"Nilah is an ascetic warrior from a distant land, seeking the world's deadliest, most titanic opponents so that she might challenge and destroy them. Having won her power through an encounter with the long-imprisoned demon of joy, she has no emotions...",8,4,4,10,"['Fighter', 'Assassin']",Mana,570,101,350,35.0,340,27,4.2,32,2.05,225,4.0,0.9,8.2,0.7,0,0,58,2.0,3.0,0.697,Sion,Khazix,Amumu
87,Nocturne,56,the Eternal Nightmare,"A demonic amalgamation drawn from the nightmares that haunt every sentient mind, the thing known as Nocturne has become a primordial force of pure evil. It is liquidly chaotic in aspect, a faceless shadow with cold eyes and armed with wicked-looking...",9,5,2,4,"['Assassin', 'Fighter']",Mana,655,109,275,35.0,345,38,4.7,32,1.55,125,7.0,0.75,7.0,0.45,0,0,62,2.6,2.7,0.721,Cassiopeia,LeeSin,Lillia
88,Nunu,20,the Boy and His Yeti,"Once upon a time, there was a boy who wanted to prove he was a hero by slaying a fearsome monster—only to discover that the beast, a lonely and magical yeti, merely needed a friend. Bound together by ancient power and a shared love of snowballs, Nunu...",4,6,7,4,"['Tank', 'Fighter']",Mana,610,90,280,42.0,345,29,4.2,32,2.05,125,5.0,0.8,7.0,0.5,0,0,61,3.0,2.25,0.625,Cassiopeia,Riven,Kled
89,Olaf,2,the Berserker,"An unstoppable force of destruction, the axe-wielding Olaf wants nothing but to die in glorious combat. Hailing from the brutal Freljordian peninsula of Lokfar, he once received a prophecy foretelling his peaceful passing—a coward's fate, and a great...",9,5,3,3,"['Fighter', 'Tank']",Mana,645,119,316,50.0,350,35,4.2,32,2.05,125,6.5,0.6,7.5,0.6,0,0,68,4.7,2.7,0.694,Udyr,Vladimir,Kassadin
90,Orianna,61,the Lady of Clockwork,"Once a curious girl of flesh and blood, Orianna is now a technological marvel comprised entirely of clockwork. She became gravely ill after an accident in the lower districts of Zaun, and her failing body had to be replaced with exquisite artifice...",4,3,9,7,"['Mage', 'Support']",Mana,600,105,418,25.0,325,17,4.2,26,1.3,525,7.0,0.55,8.0,0.8,0,0,40,2.6,3.5,0.658,Lillia,Yorick,Shen
91,Ornn,516,The Fire below the Mountain,"Ornn is the Freljordian spirit of forging and craftsmanship. He works in the solitude of a massive smithy, hammered out from the lava caverns beneath the volcano Hearth-Home. There he stokes bubbling cauldrons of molten rock to purify ores and fashion...",5,9,3,5,"['Tank', 'Fighter']",Mana,660,109,341,65.0,335,33,5.2,32,2.05,175,9.0,0.9,8.0,0.6,0,0,69,3.5,2.0,0.625,Amumu,Sylas,Lux
92,Pantheon,80,the Unbreakable Spear,"Once an unwilling host to the Aspect of War, Atreus survived when the celestial power within him was slain, refusing to succumb to a blow that tore stars from the heavens. In time, he learned to embrace the power of his own mortality, and the stubborn...",9,4,3,4,"['Fighter', 'Assassin']",Mana,650,109,317,31.0,345,40,4.95,28,2.05,175,7.5,0.65,7.35,0.45,0,0,64,3.3,2.95,0.644,Morgana,Jax,Vi
93,Poppy,78,Keeper of the Hammer,"Runeterra has no shortage of valiant champions, but few are as tenacious as Poppy. Bearing the legendary hammer of Orlon, a weapon twice her size, this determined yordle has spent untold years searching in secret for the fabled “Hero of Demacia,” said...",6,7,2,6,"['Tank', 'Fighter']",Mana,610,104,280,40.0,345,38,4.7,32,2.05,125,8.0,0.8,7.0,0.7,0,0,64,4.0,2.5,0.625,Warwick,Yuumi,Zilean
94,Pyke,555,the Bloodharbor Ripper,"A renowned harpooner from the slaughter docks of Bilgewater, Pyke should have met his death in the belly of a gigantic jaull-fish… and yet, he returned. Now, stalking the dank alleys and backways of his former hometown, he uses his new supernatural...",9,3,1,7,"['Support', 'Assassin']",Mana,670,104,415,50.0,330,45,4.7,32,2.05,150,7.0,0.5,8.0,1.0,0,0,62,2.0,2.5,0.667,Evelynn,Ryze,Talon
95,Qiyana,246,Empress of the Elements,"In the jungle city of Ixaocan, Qiyana plots her own ruthless path to the high seat of the Yun Tal. Last in line to succeed her parents, she faces those who stand in her way with brash confidence and unprecedented mastery over elemental magic. With the...",0,2,4,8,"['Assassin', 'Fighter']",Mana,590,124,320,50.0,335,28,4.7,32,2.05,150,6.0,0.9,8.0,0.7,0,0,66,3.1,2.1,0.688,Samira,Jayce,Darius
96,Quinn,133,Demacia's Wings,"Quinn is an elite ranger-knight of Demacia, who undertakes dangerous missions deep in enemy territory. She and her legendary eagle, Valor, share an unbreakable bond, and their foes are often slain before they realize they are fighting not one, but two...",9,4,2,5,"['Marksman', 'Assassin']",Mana,603,99,269,35.0,335,28,4.7,30,1.3,525,5.5,0.55,7.0,0.4,0,0,59,2.4,3.1,0.668,Fizz,Nautilus,Zyra
97,Rakan,497,The Charmer,"As mercurial as he is charming, Rakan is an infamous vastayan troublemaker and the greatest battle-dancer in Lhotlan tribal history. To the humans of the Ionian highlands, his name has long been synonymous with wild festivals, uncontrollable parties...",2,4,8,5,['Support'],Mana,610,99,315,50.0,335,32,5.1,32,2.05,300,5.0,0.5,8.75,0.5,0,0,62,3.5,3.0,0.635,Zilean,Viego,Amumu
98,Rammus,33,the Armordillo,"Idolized by many, dismissed by some, mystifying to all, the curious being Rammus is an enigma. Protected by a spiked shell, he inspires increasingly disparate theories on his origin wherever he goes—from demigod, to sacred oracle, to a mere beast...",4,10,5,5,"['Tank', 'Fighter']",Mana,675,94,310,33.0,335,40,5.5,32,2.05,125,8.0,0.55,7.85,0.5,0,0,55,3.5,2.215,0.656,KSante,LeeSin,Ekko
99,RekSai,421,the Void Burrower,"An apex predator, Rek'Sai is a merciless Void-spawn that tunnels beneath the ground to ambush and devour unsuspecting prey. Her insatiable hunger has laid waste to entire regions of the once-great empire of Shurima—merchants, traders, even armed...",8,5,2,3,['Fighter'],Rage,640,99,100,0.0,335,36,4.95,32,2.05,175,7.5,0.65,0.0,0.0,0,0,61,3.0,2.0,0.667,Kassadin,Amumu,Janna
100,Rell,526,the Iron Maiden,"The product of brutal experimentation at the hands of the Black Rose, Rell is a defiant, living weapon determined to topple Noxus. Her childhood was one of misery and horror, enduring unspeakable procedures to perfect and weaponize her magical control...",0,0,0,0,"['Tank', 'Support']",Mana,610,104,350,45.0,335,32,4.2,32,2.05,175,7.0,0.55,6.0,0.35,0,0,55,3.0,2.0,0.55,Malzahar,Yuumi,Blitzcrank
101,Renata,888,the Chem-Baroness,"Renata rose from the ashes of her childhood home with nothing but her name and her parents' alchemical research. In the decades since, she has become Zaun's wealthiest chem-baron, a business magnate who built her power by tying everyone's...",2,6,9,8,"['Support', 'Mage']",Mana,545,94,350,50.0,330,27,4.7,30,1.3,550,5.5,0.55,11.5,0.5,0,0,49,3.0,2.11,0.625,Cassiopeia,Riven,Garen
102,Renekton,58,the Butcher of the Sands,"Renekton is a terrifying, rage-fueled Ascended being from the scorched deserts of Shurima. Once, he was his empire's most esteemed warrior, leading the nation's armies to countless victories. However, after the empire's fall, Renekton was entombed...",8,5,2,3,"['Fighter', 'Tank']",Fury,660,111,100,0.0,345,35,5.2,32,2.05,125,8.0,0.75,0.0,0.0,0,0,69,4.15,2.75,0.665,Swain,KSante,MasterYi
103,Rengar,107,the Pridestalker,"Rengar is a ferocious vastayan trophy hunter who lives for the thrill of tracking down and killing dangerous creatures. He scours the world for the most fearsome beasts he can find, especially seeking any trace of Khazix, the void creature who...",7,4,2,8,"['Assassin', 'Fighter']",Ferocity,620,104,4,0.0,345,34,4.2,32,2.05,125,7.0,0.5,0.0,0.0,0,0,68,3.0,3.0,0.667,Janna,Yone,Olaf
104,Riven,92,the Exile,"Once a swordmaster in the warhosts of Noxus, Riven is an expatriate in a land she previously tried to conquer. She rose through the ranks on the strength of her conviction and brutal efficiency, and was rewarded with a legendary runic blade and a...",8,5,1,8,"['Fighter', 'Assassin']",None,630,100,0,0.0,340,33,4.4,32,2.05,125,8.5,0.5,0.0,0.0,0,0,64,3.0,3.5,0.625,Nidalee,Yone,Gangplank
105,Rumble,68,the Mechanized Menace,"Rumble is a young inventor with a temper. Using nothing more than his own two hands and a heap of scrap, the feisty yordle constructed a colossal mech suit outfitted with an arsenal of electrified harpoons and incendiary rockets. Though others may scoff...",3,6,8,10,"['Fighter', 'Mage']",Heat,659,99,100,0.0,345,36,4.7,28,1.55,125,8.0,0.6,0.0,0.0,0,0,61,3.2,1.85,0.644,Fiddlesticks,Sylas,Galio
106,Ryze,13,the Rune Mage,"Widely considered one of the most adept sorcerers on Runeterra, Ryze is an ancient, hard-bitten archmage with an impossibly heavy burden to bear. Armed with immense arcane power and a boundless constitution, he tirelessly hunts for World Runes—fragments...",2,2,10,7,"['Mage', 'Fighter']",Mana,645,124,300,70.0,340,22,4.2,32,1.3,550,8.0,0.8,8.0,1.0,0,0,58,3.0,2.11,0.625,Velkoz,Aphelios,Nilah
107,Samira,360,the Desert Rose,"Samira stares death in the eye with unyielding confidence, seeking thrill wherever she goes. After her Shuriman home was destroyed as a child, Samira found her true calling in Noxus, where she built a reputation as a stylish daredevil taking on...",8,5,3,6,['Marksman'],Mana,600,108,349,38.0,335,26,4.7,30,1.3,500,3.25,0.55,8.2,0.7,0,0,57,3.3,3.3,0.658,Olaf,Viego,Zac
108,Sejuani,113,Fury of the North,"Sejuani is the brutal, unforgiving Iceborn warmother of the Winter's Claw, one of the most feared tribes of the Freljord. Her people's survival is a constant, desperate battle against the elements, forcing them to raid Noxians, Demacians, and Avarosans...",5,7,6,4,"['Tank', 'Fighter']",Mana,630,114,400,40.0,340,34,5.45,32,2.05,150,8.5,1.0,7.0,0.7,0,0,66,4.0,3.5,0.688,Shen,Yuumi,Bard
109,Senna,235,the Redeemer,"Cursed from childhood to be haunted by the supernatural Black Mist, Senna joined a sacred order known as the Sentinels of Light, and fiercely fought back—only to be killed, her soul imprisoned in a lantern by the cruel wraith Thresh. But refusing to...",7,2,6,7,"['Marksman', 'Support']",Mana,530,89,350,45.0,330,28,4.7,30,1.3,600,3.5,0.55,11.5,0.7,0,0,50,0.0,4.0,0.625,Vladimir,Jhin,Ashe
110,Seraphine,147,the Starry-Eyed Songstress,"Born in Piltover to Zaunite parents, Seraphine can hear the souls of others—the world sings to her, and she sings back. Though these sounds overwhelmed her in her youth, she now draws on them for inspiration, turning the chaos into a symphony. She...",0,0,0,0,"['Mage', 'Support']",Mana,570,104,440,40.0,325,19,4.2,30,1.3,525,6.5,0.6,8.0,1.0,0,0,55,3.0,1.0,0.669,Maokai,KSante,Shen
111,Sett,875,the Boss,"A leader of Ionia's growing criminal underworld, Sett rose to prominence in the wake of the war with Noxus. Though he began as a humble challenger in the fighting pits of Navori, he quickly gained notoriety for his savage strength, and his ability to...",8,5,1,2,"['Fighter', 'Tank']",Grit,670,114,0,0.0,340,33,5.2,28,2.05,125,7.0,0.5,0.0,0.0,0,0,60,4.0,1.75,0.625,Sona,Sejuani,Gragas
112,Shaco,35,the Demon Jester,"Crafted long ago as a plaything for a lonely prince, the enchanted marionette Shaco now delights in murder and mayhem. Corrupted by dark magic and the loss of his beloved charge, the once-kind puppet finds pleasure only in the misery of the poor souls...",8,4,6,9,['Assassin'],Mana,630,99,297,40.0,345,30,4.0,32,2.05,125,8.5,0.55,7.15,0.45,0,0,63,3.0,3.0,0.694,Lillia,Irelia,Olaf
113,Shen,98,the Eye of Twilight,"Among the secretive, Ionian warriors known as the Kinkou, Shen serves as their leader, the Eye of Twilight. He longs to remain free from the confusion of emotion, prejudice, and ego, and walks the unseen path of dispassionate judgment between the spirit...",3,9,3,4,['Tank'],Energy,610,99,400,0.0,340,34,4.2,32,2.05,125,8.5,0.75,50.0,0.0,0,0,60,3.0,3.0,0.751,Zed,Elise,Maokai
114,Shyvana,102,the Half-Dragon,"Shyvana is a creature with the magic of a rune shard burning within her heart. Though she often appears humanoid, she can take her true form as a fearsome dragon, incinerating her foes with fiery breath. Having saved the life of the crown prince Jarvan...",8,6,3,4,"['Fighter', 'Tank']",Fury,665,109,100,0.0,350,38,4.55,32,2.05,125,8.5,0.8,0.0,0.0,0,0,66,3.4,2.5,0.658,Vi,Jax,Camille
115,Singed,27,the Mad Chemist,"Singed is a Zaunite alchemist of unmatched intellect, who has devoted his life to pushing the boundaries of knowledge—with no price, even his own sanity, too high to pay. Is there a method to his madness? His concoctions rarely fail, but it appears to...",4,8,7,5,"['Tank', 'Fighter']",Mana,650,99,330,45.0,345,34,4.7,32,2.05,125,9.5,0.55,7.5,0.55,0,0,63,3.4,1.9,0.613,Gangplank,Malphite,Darius
116,Sion,14,The Undead Juggernaut,"A war hero from a bygone era, Sion was revered in Noxus for choking the life out of a Demacian king with his bare hands—but, denied oblivion, he was resurrected to serve his empire even in death. His indiscriminate slaughter claimed all who stood in his...",5,9,3,5,"['Tank', 'Fighter']",Mana,655,87,400,52.0,345,32,4.2,32,2.05,175,7.5,0.8,8.0,0.6,0,0,68,4.0,1.3,0.679,Taliyah,Aphelios,Twitch
117,Sivir,15,the Battle Mistress,"Sivir is a renowned fortune hunter and mercenary captain who plies her trade in the deserts of Shurima. Armed with her legendary jeweled crossblade, she has fought and won countless battles for those who can afford her exorbitant price. Known for her...",9,3,1,4,['Marksman'],Mana,600,104,340,45.0,335,26,4.45,30,1.3,500,3.25,0.55,6.0,0.8,0,0,58,2.8,2.0,0.625,Caitlyn,Twitch,Ezreal
118,Skarner,72,the Crystal Vanguard,"Skarner is an immense crystalline scorpion from a hidden valley in Shurima. Part of the ancient Brackern race, Skarner and his kin are known for their great wisdom and deep connection to the land, as their souls are fused with powerful life crystals...",7,6,5,5,"['Fighter', 'Tank']",Mana,650,99,320,60.0,335,38,5.0,32,2.05,125,9.0,0.85,7.2,0.45,0,0,65,4.5,2.1,0.625,Akshan,Yuumi,Blitzcrank
119,Sona,37,Maven of the Strings,"Sona is Demacia's foremost virtuoso of the stringed etwahl, speaking only through her graceful chords and vibrant arias. This genteel manner has endeared her to the highborn, though others suspect her spellbinding melodies to actually emanate magic—a...",5,2,8,4,"['Support', 'Mage']",Mana,550,91,340,45.0,325,26,4.2,30,1.3,550,5.5,0.55,11.5,0.4,0,0,49,3.0,2.3,0.644,Urgot,Yuumi,Rakan
120,Soraka,16,the Starchild,"A wanderer from the celestial dimensions beyond Mount Targon, Soraka gave up her immortality to protect the mortal races from their own more violent instincts. She endeavors to spread the virtues of compassion and mercy to everyone she meets—even...",2,5,7,3,"['Support', 'Mage']",Mana,605,88,425,40.0,325,32,5.0,30,1.3,550,2.5,0.5,11.5,0.4,0,0,50,3.0,2.14,0.625,Warwick,Ryze,Zed
121,Swain,50,the Noxian Grand General,"Jericho Swain is the visionary ruler of Noxus, an expansionist nation that reveres only strength. Though he was cast down and crippled in the Ionian wars, his left arm severed, he seized control of the empire with ruthless determination… and a new...",2,6,9,8,"['Mage', 'Fighter']",Mana,595,99,468,29.0,330,26,5.2,30,1.3,525,7.0,0.65,8.0,0.8,0,0,58,2.7,2.11,0.625,Lillia,Ekko,Pantheon
122,Sylas,517,the Unshackled,"Raised in one of Demacia's lesser quarters, Sylas of Dregbourne has come to symbolize the darker side of the Great City. As a boy, his ability to root out hidden sorcery caught the attention of the notorious mageseekers, who eventually imprisoned him...",3,4,8,5,"['Mage', 'Assassin']",Mana,575,129,310,70.0,340,27,5.2,32,2.55,175,9.0,0.9,8.0,0.8,0,0,61,3.0,3.5,0.645,Warwick,Ryze,Kassadin
123,Syndra,134,the Dark Sovereign,"Syndra is a fearsome Ionian mage with incredible power at her command. As a child, she disturbed the village elders with her reckless and wild magic. She was sent away to be taught greater control, but eventually discovered her supposed mentor was...",2,3,9,8,['Mage'],Mana,563,104,480,40.0,330,25,4.6,30,1.3,550,6.5,0.6,8.0,0.8,0,0,54,2.9,2.0,0.625,MonkeyKing,Darius,Gangplank
124,TahmKench,223,The River King,"Known by many names throughout history, the demon Tahm Kench travels the waterways of Runeterra, feeding his insatiable appetite with the misery of others. Though he may appear singularly charming and proud, he swaggers through the physical realm like a...",3,9,6,5,"['Support', 'Tank']",Mana,640,103,325,50.0,335,42,4.7,32,2.05,175,6.5,0.55,8.0,1.0,0,0,56,3.2,2.5,0.658,Graves,Sylas,Elise
125,Taliyah,163,the Stoneweaver,"Taliyah is a nomadic mage from Shurima, torn between teenage wonder and adult responsibility. She has crossed nearly all of Valoran on a journey to learn the true nature of her growing powers, though more recently she has returned to protect her tribe...",1,7,8,5,"['Mage', 'Support']",Mana,550,104,470,30.0,330,18,4.7,30,1.3,525,6.5,0.65,8.0,0.8,0,0,58,3.3,1.36,0.625,Karthus,Ryze,Akshan
126,Talon,91,the Blade's Shadow,"Talon is the knife in the darkness, a merciless killer able to strike without warning and escape before any alarm is raised. He carved out a dangerous reputation on the brutal streets of Noxus, where he was forced to fight, kill, and steal to survive...",9,3,1,7,['Assassin'],Mana,658,109,377,37.0,335,30,4.7,39,2.05,125,8.5,0.75,7.6,0.8,0,0,68,3.1,2.9,0.625,Zac,Nautilus,Karma
127,Taric,44,the Shield of Valoran,"Taric is the Aspect of the Protector, wielding incredible power as Runeterra's guardian of life, love, and beauty. Shamed by a dereliction of duty and exiled from his homeland Demacia, Taric ascended Mount Targon to find redemption, only to discover a...",4,8,5,3,"['Support', 'Fighter']",Mana,645,99,300,60.0,340,40,4.6,28,2.05,150,6.0,0.5,8.5,0.8,0,0,55,3.5,2.0,0.625,Blitzcrank,Illaoi,Gangplank
128,Teemo,17,the Swift Scout,"Undeterred by even the most dangerous and threatening of obstacles, Teemo scouts the world with boundless enthusiasm and a cheerful spirit. A yordle with an unwavering sense of morality, he takes pride in following the Bandle Scout's Code, sometimes...",5,3,7,6,"['Marksman', 'Assassin']",Mana,598,104,334,25.0,330,24,4.95,30,1.3,500,5.5,0.65,9.6,0.45,0,0,54,3.0,3.38,0.69,Cassiopeia,Yuumi,Heimerdinger
129,Thresh,412,the Chain Warden,"Sadistic and cunning, Thresh is an ambitious and restless spirit of the Shadow Isles. Once the custodian of countless arcane secrets, he was undone by a power greater than life or death, and now sustains himself by tormenting and breaking others with...",5,6,6,7,"['Support', 'Fighter']",Mana,600,120,274,44.0,330,28,0.0,30,1.3,450,7.0,0.55,6.0,0.8,0,0,56,2.2,3.5,0.625,Lillia,Ryze,Nilah
130,Tristana,18,the Yordle Gunner,"While many other yordles channel their energy into discovery, invention, or just plain mischief-making, Tristana was always inspired by the adventures of great warriors. She had heard much about Runeterra, its factions, and its wars, and believed her...",9,3,5,4,"['Marksman', 'Assassin']",Mana,670,102,250,32.0,325,26,4.2,30,1.3,525,4.0,0.65,7.2,0.45,0,0,59,3.7,1.5,0.656,Samira,Sejuani,Zac
131,Trundle,48,the Troll King,"Trundle is a hulking and devious troll with a particularly vicious streak, and there is nothing he cannot bludgeon into submission—not even the Freljord itself. Fiercely territorial, he chases down anyone foolish enough to enter his domain. Then, his...",7,6,2,5,"['Fighter', 'Tank']",Mana,686,110,281,45.0,350,37,3.9,32,2.05,175,6.0,0.75,7.5,0.6,0,0,68,3.0,2.9,0.6,Anivia,Irelia,Jax
132,Tryndamere,23,the Barbarian King,"Fueled by unbridled fury and rage, Tryndamere once carved his way through the Freljord, openly challenging the greatest warriors of the north to prepare himself for even darker days ahead. The wrathful barbarian has long sought revenge for the...",10,5,2,5,"['Fighter', 'Assassin']",Fury,696,112,100,0.0,345,33,4.3,32,2.05,125,8.5,0.9,0.0,0.0,0,0,72,3.7,2.9,0.67,Maokai,Akali,Anivia
133,TwistedFate,4,the Card Master,"Twisted Fate is an infamous cardsharp and swindler who has gambled and charmed his way across much of the known world, earning the enmity and admiration of the rich and foolish alike. He rarely takes things seriously, greeting each day with a mocking...",6,2,6,9,['Mage'],Mana,604,108,333,39.0,330,21,4.35,30,1.3,525,5.5,0.6,8.0,0.8,0,0,52,3.3,3.22,0.651,Amumu,Aphelios,Amumu
134,Twitch,29,the Plague Rat,"A Zaunite plague rat by birth, but a connoisseur of filth by passion, Twitch is not afraid to get his paws dirty. Aiming a chem-powered crossbow at the gilded heart of Piltover, he has vowed to show those in the city above just how filthy they really...",9,2,3,6,"['Marksman', 'Assassin']",Mana,682,100,300,40.0,330,27,4.2,30,1.3,550,3.75,0.6,7.25,0.7,0,0,59,3.1,3.38,0.679,Orianna,Viego,Amumu
135,Udyr,77,the Spirit Walker,"The most powerful spirit walker alive, Udyr communes with all the spirits of the Freljord, whether by empathically understanding their needs, or by channeling and transforming their ethereal energy into his own primal fighting style. He seeks balance...",8,7,4,7,"['Fighter', 'Tank']",Mana,664,98,271,50.0,350,34,4.7,32,2.05,125,6.0,0.75,7.5,0.45,0,0,62,4.0,3.0,0.65,Soraka,Riven,Illaoi
136,Urgot,6,the Dreadnought,"Once a powerful Noxian headsman, Urgot was betrayed by the empire for which he had killed so many. Bound in iron chains, he was forced to learn the true meaning of strength in the Dredge—a prison mine deep beneath Zaun. Emerging in a disaster that...",8,5,3,8,"['Fighter', 'Tank']",Mana,655,102,340,45.0,330,36,5.45,32,2.05,350,7.5,0.7,7.25,0.8,0,0,63,4.0,3.75,0.625,Jayce,Kalista,Ziggs
137,Varus,110,the Arrow of Retribution,"One of the ancient darkin, Varus was a deadly killer who loved to torment his foes, driving them almost to insanity before delivering the killing arrow. He was imprisoned at the end of the Great Darkin War, but escaped centuries later in the remade...",7,3,4,2,"['Marksman', 'Mage']",Mana,600,105,360,40.0,330,27,4.6,30,1.3,575,3.5,0.55,8.0,0.8,0,0,62,3.4,4.0,0.658,Rakan,Lucian,Xayah
138,Vayne,67,the Night Hunter,"Shauna Vayne is a deadly, remorseless Demacian monster hunter, who has dedicated her life to finding and destroying the demon that murdered her family. Armed with a wrist-mounted crossbow and a heart full of vengeance, she is only truly happy when...",10,1,1,8,"['Marksman', 'Assassin']",Mana,550,103,232,35.0,330,23,4.6,30,1.3,550,3.5,0.55,7.0,0.4,0,0,60,2.35,3.3,0.658,Blitzcrank,Ryze,Vladimir
139,Veigar,45,the Tiny Master of Evil,"An enthusiastic master of dark sorcery, Veigar has embraced powers that few mortals dare approach. As a free-spirited inhabitant of Bandle City, he longed to push beyond the limitations of yordle magic, and turned instead to arcane texts that had been...",2,2,10,7,['Mage'],Mana,575,108,490,26.0,340,21,5.2,32,1.3,550,6.5,0.6,8.0,0.8,0,0,52,2.7,2.24,0.625,MasterYi,Syndra,Blitzcrank
140,Velkoz,161,the Eye of the Void,"It is unclear if Velkoz was the first Void-spawn to emerge on Runeterra, but there has certainly never been another to match his level of cruel, calculating sentience. While his kin devour or defile everything around them, he seeks instead to...",2,2,10,8,['Mage'],Mana,590,102,469,21.0,340,22,4.7,30,1.3,525,5.5,0.55,8.0,0.8,0,0,55,3.1416,1.36,0.625,Sona,Leblanc,Cassiopeia
141,Vex,711,the Gloomist,"In the black heart of the Shadow Isles, a lone yordle trudges through the spectral fog, content in its murky misery. With an endless supply of teen angst and a powerful shadow in tow, Vex lives in her own self-made slice of gloom, far from the revolting...",0,0,0,0,['Mage'],Mana,590,104,490,32.0,335,23,4.45,28,1.3,550,6.5,0.6,6.0,0.8,0,0,54,2.75,1.0,0.669,Akshan,JarvanIV,Maokai
142,Vi,254,the Piltover Enforcer,"Once a criminal from the mean streets of Zaun, Vi is a hotheaded, impulsive, and fearsome woman with only a very loose respect for authority figures. Growing up all but alone, Vi developed finely honed survival instincts as well as a wickedly abrasive...",8,5,3,4,"['Fighter', 'Assassin']",Mana,655,99,295,65.0,340,30,4.7,32,2.05,125,10.0,1.0,8.0,0.65,0,0,63,3.0,2.0,0.644,Maokai,JarvanIV,Rammus
143,Viego,234,The Ruined King,"Once ruler of a long-lost kingdom, Viego perished over a thousand years ago when his attempt to bring his wife back from the dead triggered the magical catastrophe known as the Ruination. Transformed into a powerful, unliving wraith tortured by an...",6,4,2,5,"['Assassin', 'Fighter']",None,630,109,10000,0.0,345,34,5.2,32,2.05,200,7.0,0.7,0.0,0.0,0,0,57,3.5,2.5,0.658,Warwick,Azir,Xerath
144,Viktor,112,the Machine Herald,"The herald of a new age of technology, Viktor has devoted his life to the advancement of humankind. An idealist who seeks to lift the people of Zaun to a new level of understanding, he believes that only by embracing a glorious evolution of technology...",2,4,10,9,['Mage'],Mana,600,104,405,45.0,335,23,5.2,30,1.3,525,8.0,0.65,8.0,0.8,0,0,53,3.0,2.11,0.658,Nocturne,Veigar,Malzahar
145,Vladimir,8,the Crimson Reaper,"A fiend with a thirst for mortal blood, Vladimir has influenced the affairs of Noxus since the empire's earliest days. In addition to unnaturally extending his life, his mastery of hemomancy allows him to control the minds and bodies of others as easily...",2,6,8,7,['Mage'],Crimson Rush,607,110,2,0.0,330,27,4.5,30,1.3,450,7.0,0.6,0.0,0.0,0,0,55,3.0,2.0,0.658,Jinx,Sett,Jax
146,Volibear,106,the Relentless Storm,"To those who still revere him, the Volibear is the storm made manifest. Destructive, wild, and stubbornly resolute, he existed before mortals walked the Freljord's tundra, and is fiercely protective of the lands that he and his demi-god kin created...",7,7,4,3,"['Fighter', 'Tank']",Mana,650,104,350,70.0,340,31,5.2,32,2.05,150,9.0,0.75,6.25,0.5,0,0,60,3.5,2.0,0.625,Ashe,Kayn,Jax
147,Warwick,19,the Uncaged Wrath of Zaun,"Warwick is a monster who hunts the gray alleys of Zaun. Transformed by agonizing experiments, his body is fused with an intricate system of chambers and pumps, machinery filling his veins with alchemical rage. Bursting out of the shadows, he preys upon...",9,5,3,3,"['Fighter', 'Tank']",Mana,620,99,280,35.0,335,33,4.4,32,2.05,125,4.0,0.75,7.45,0.6,0,0,65,3.0,2.3,0.638,Zilean,XinZhao,Maokai
148,Xayah,498,the Rebel,"Deadly and precise, Xayah is a vastayan revolutionary waging a personal war to save her people. She uses her speed, guile, and razor-sharp feather blades to cut down anyone who stands in her way. Xayah fights alongside her partner and lover, Rakan, to...",10,6,1,5,['Marksman'],Mana,660,102,340,40.0,330,25,4.2,30,1.3,525,3.25,0.75,8.25,0.8,0,0,60,3.5,3.9,0.658,Swain,Vayne,Seraphine
149,Xerath,101,the Magus Ascendant,"Xerath is an Ascended Magus of ancient Shurima, a being of arcane energy writhing in the broken shards of a magical sarcophagus. For millennia, he was trapped beneath the desert sands, but the rise of Shurima freed him from his ancient prison. Driven...",1,3,10,8,['Mage'],Mana,596,106,459,22.0,340,22,4.7,30,1.3,525,5.5,0.55,8.0,0.8,0,0,55,3.0,1.36,0.625,Rammus,Yuumi,Sona
150,XinZhao,5,the Seneschal of Demacia,"XinZhao is a resolute warrior loyal to the ruling Lightshield dynasty. Once condemned to the fighting pits of Noxus, he survived countless gladiatorial bouts, but after being freed by Demacian forces, he swore his life and allegiance to these brave...",8,6,3,2,"['Fighter', 'Assassin']",Mana,640,106,274,55.0,345,35,4.7,32,2.05,175,8.0,0.7,7.25,0.45,0,0,63,3.0,3.5,0.645,Karma,LeeSin,MonkeyKing
151,Yasuo,157,the Unforgiven,"An Ionian of deep resolve, Yasuo is an agile swordsman who wields the air itself against his enemies. As a proud young man, he was falsely accused of murdering his master—unable to prove his innocence, he was forced to slay his own brother in self...",8,4,4,10,"['Fighter', 'Assassin']",Flow,590,101,100,0.0,345,30,4.6,32,2.05,175,6.5,0.9,0.0,0.0,0,0,60,3.0,3.5,0.697,Maokai,Ryze,Annie
152,Yone,777,the Unforgotten,"In life, he was Yone—half-brother of Yasuo, and renowned student of his village's sword school. But upon his death at the hands of his brother, he found himself hunted by a malevolent entity of the spirit realm, and was forced to slay it with its own...",8,4,4,8,"['Assassin', 'Fighter']",Flow,620,99,500,0.0,345,28,4.6,32,2.05,175,7.5,0.75,0.0,0.0,0,0,60,2.0,3.5,0.625,Rengar,Azir,Fiora
153,Yorick,83,Shepherd of Souls,"The last survivor of a long-forgotten religious order, Yorick is both blessed and cursed with power over the dead. Trapped on the Shadow Isles, his only companions are the rotting corpses and shrieking spirits that he gathers to him. Yorick's monstrous...",6,6,4,6,"['Fighter', 'Tank']",Mana,650,114,300,60.0,340,39,5.2,32,2.05,175,8.0,0.8,7.5,0.75,0,0,62,5.0,2.0,0.625,Cassiopeia,Illaoi,Irelia
154,Yuumi,350,the Magical Cat,"A magical cat from Bandle City, Yuumi was once the familiar of a yordle enchantress, Norra. When her master mysteriously disappeared, Yuumi became the Keeper of Norra's sentient Book of Thresholds, traveling through portals in its pages to search for...",5,1,8,2,"['Support', 'Mage']",Mana,500,84,400,45.0,330,25,4.2,25,1.1,425,5.0,0.55,10.0,0.4,0,0,49,3.1,1.0,0.625,Belveth,Swain,Leona
155,Zac,154,the Secret Weapon,"Zac is the product of a toxic spill that ran through a chemtech seam and pooled in an isolated cavern deep in Zaun's Sump. Despite such humble origins, Zac has grown from primordial ooze into a thinking being who dwells in the city's pipes, occasionally...",3,7,7,8,"['Tank', 'Fighter']",None,685,109,0,0.0,340,33,4.7,32,2.05,175,8.0,0.5,0.0,0.0,0,0,60,3.4,1.6,0.736,Taric,LeeSin,Belveth
156,Zed,238,the Master of Shadows,"Utterly ruthless and without mercy, Zed is the leader of the Order of Shadow, an organization he created with the intent of militarizing Ionia's magical and martial traditions to drive out Noxian invaders. During the war, desperation led him to unlock...",9,2,1,7,['Assassin'],Energy,654,99,200,0.0,345,32,4.7,32,2.05,125,7.0,0.65,50.0,0.0,0,0,63,3.4,3.3,0.651,Shen,Tristana,Anivia
157,Zeri,221,The Spark of Zaun,"A headstrong, spirited young woman from Zaun's working-class, Zeri channels her electric magic to charge herself and her custom-crafted gun. Her volatile power mirrors her emotions, its sparks reflecting her lightning-fast approach to life. Deeply...",8,5,3,6,['Marksman'],Mana,630,115,250,45.0,330,24,4.2,30,1.3,500,3.25,0.7,6.0,0.8,0,0,53,1.3,2.0,0.658,Leona,Aphelios,Twitch
158,Ziggs,115,the Hexplosives Expert,"With a love of big bombs and short fuses, the yordle Ziggs is an explosive force of nature. As an inventor's assistant in Piltover, he was bored by his predictable life and befriended a mad, blue-haired bomber named Jinx. After a wild night on the town...",2,4,9,4,['Mage'],Mana,606,106,480,23.5,325,22,4.5,30,1.3,550,6.5,0.6,8.0,0.8,0,0,54,3.1,2.0,0.656,Jinx,Varus,Kaisa
159,Zilean,26,the Chronokeeper,"Once a powerful Icathian mage, Zilean became obsessed with the passage of time after witnessing his homeland's destruction by the Void. Unable to spare even a minute to grieve the catastrophic loss, he called upon ancient temporal magic to divine all...",2,5,8,6,"['Support', 'Mage']",Mana,574,96,452,50.0,335,24,5.0,30,1.3,550,5.5,0.5,11.35,0.8,0,0,52,3.0,2.13,0.625,Rammus,Pyke,Morgana
160,Zoe,142,the Aspect of Twilight,"As the embodiment of mischief, imagination, and change, Zoe acts as the cosmic messenger of Targon, heralding major events that reshape worlds. Her mere presence warps the arcane mathematics governing realities, sometimes causing cataclysms without...",1,7,8,5,"['Mage', 'Support']",Mana,630,106,425,25.0,340,21,4.7,30,1.3,550,6.5,0.6,8.0,0.65,0,0,58,3.3,2.5,0.625,Maokai,Lux,Malzahar
161,Zyra,143,Rise of the Thorns,"Born in an ancient, sorcerous catastrophe, Zyra is the wrath of nature given form—an alluring hybrid of plant and human, kindling new life with every step. She views the many mortals of Valoran as little more than prey for her seeded progeny, and thinks...",4,3,8,7,"['Mage', 'Support']",Mana,574,93,418,25.0,340,29,4.2,30,1.3,575,5.5,0.5,13.0,0.4,0,0,53,3.2,2.11,0.625,Garen,Thresh,Amumu
3,Milio,902,The Gentle Flame,"Milio is a warmhearted boy from Ixtal who has, despite his young age, mastered the fire axiom and discovered something new: soothing fire. With this newfound power, Milio plans to help his family escape their exile by joining the Yun Tal—just like his...",2,4,8,5,['Support'],Mana,560,88,365,43.0,330,28,4.9,30,1.3,525,5.0,0.5,11.5,0.4,0,0,48,3.2,3.0,0.625,Caitlyn,Ashe,Annie
